round,slice,frame,object_ref,cell,what,why,severity,owner,rule_id,evidence,action,rules_version,note
calib,C0,adasind_019560.jpg,L7,na,SPURIOUS,E1_annotator_error,P1,annotator,R03,submission/screenshots/adasind_019560.jpg_calib_L7_L8_duplicate_rider.png; p1_calib/annotations.xml (L7 Pedestrian lồng trong vùng box Bike L2),keep_with_reason,v1.0.0,"Đã mở ảnh gốc: L7 là box Pedestrian vẽ riêng cho người đang NGỒI LÁI xe máy (không phải người dắt xe) — vi phạm R03 (người lái + xe hai bánh = một box Bike duy nhất, không thêm box Pedestrian). Đây là vòng calib (luyện tập cá nhân trước khi vào slice thật), không thuộc submission chấm điểm nên không rework, nhưng là bài học cụ thể để A tránh lặp lại ở slice chính."
calib,C0,adasind_019560.jpg,L8,na,SPURIOUS,E1_annotator_error,P1,annotator,R03,"submission/screenshots/adasind_019560.jpg_calib_L7_L8_duplicate_rider.png; p1_calib/annotations.xml (L8 xtl=595.44,ytl=779.12,xbr=651.59,ybr=841.31 nằm trong L1 xtl=595.06,ytl=739.22,xbr=728.06,ybr=910.59)",keep_with_reason,v1.0.0,"Đã mở ảnh gốc: L8 là box Bike thứ hai vẽ trên cùng một chiếc xe đạp mà L1 đã bao trùm hoàn toàn — box trùng lặp (duplicate) trên cùng một vật, vi phạm nguyên tắc một vật một box của R03. Cũng là bài học từ vòng calib, ghi nhận để không lặp lại, không tính vào điểm slice chính."
r1_craft,B1-edge,adasind_001320.jpg,L2,na,IGNORE_SCOPE,E1_annotator_error,P0,annotator,R07,screenshots/adasind_001320.jpg_L2_ego.png,rework,v1.0.0,Thân xe ego chưa vẽ ignore_region
r1_craft,B1-edge,adasind_014670.jpg,L7,na,IGNORE_SCOPE,E1_annotator_error,P0,annotator,R07,screenshots/adasind_014670.jpg_L7_ego.png,rework,v1.0.0,Thiếu polygon ego_body
r1_craft,B1-edge,adasind_034080.jpg,L9,na,IGNORE_SCOPE,E1_annotator_error,P0,annotator,R07,screenshots/adasind_034080.jpg_L9_ego.png,rework,v1.0.0,Thiếu polygon ego_body
r2_qa,B1-edge,adasind_014670.jpg,L1,L_only,WRONG_CLASS,,P1,annotator,R04,screenshots/adasind_014670.jpg_L1_bus.png,rework,v1.0.0,Cabin phẳng thùng xe tải nhỏ ở biên trái cần đổi sang Truck
r2_qa,B1-edge,adasind_034080.jpg,L2,L_only,DUPLICATE,,P1,annotator,R03,screenshots/adasind_034080.jpg_L1_L2_bike_overlap.png,rework,v1.0.0,Box L2 nằm sát sau L1 cần kiểm tra tránh nhầm rider hoặc duplicate xe máy
r2_qa,B1-edge,adasind_001320.jpg,L1,L_only,IGNORE_SCOPE,,P0,annotator,R07,screenshots/adasind_001320.jpg_L1_L3.png,rework,v1.0.0,Kiểm tra phạm vi người đi bộ L1 cạnh ThreeWheeler L3 và bổ sung ego_body
r2_qa,B1-edge,adasind_034080.jpg,L9,L_only,IGNORE_SCOPE,,P0,annotator,R07,screenshots/adasind_034080.jpg_L9_ego.png,rework,v1.0.0,Box L9 đè lên thân gương xe ego thiếu polygon ignore_region
r1_craft,B1-edge,adasind_014670.jpg,L1+R5,na,WRONG_CLASS,E5_unresolved,P1,qa,R04,"submission/screenshots/adasind_014670.jpg_L1_bus_truck_dispute.png; compare.md (IoU=0.733); qa_review.md (QA blind review nghi Truck); model_compare.md (model M3=Bus, khớp annotator)",escalate,v1.0.0,"Vật bị cắt biên trái (chỉ thấy 83px), chỉ thấy mảng hông có khe/tấm ngang xếp lớp cao — có thể là cửa sổ khách (Bus) hoặc thành thùng hàng có khe thông gió (Truck), không thấy đầu xe/cửa sau để phân biệt chắc chắn. 2 nguồn độc lập nghiêng Truck (reference, QA blind review), 2 nguồn độc lập nghiêng Bus (annotator ban đầu, model) — bất đồng 2-2 thật sự, không mặc định lỗi thuộc annotator (RUBRIC mục 6). Đề xuất nhóm mở lại CVAT phóng to trước khi quyết định giữ Bus, đổi Truck, hay báo lỗi reference."
r1_craft,B1-edge,adasind_014670.jpg,L2,na,SPURIOUS,E0_reference_defect,P1,guideline,,"submission/screenshots/adasind_014670.jpg_L2_threewheeler_missed.png; model_compare.md (L2: L_only, model cũng không thấy); local_quality_conflicts.csv (extra_annotation)",escalate,v1.0.0,"Đã tự mở ảnh gốc để kiểm tra: xe ba bánh là vật thật, bóng đen rõ trên nền đường sáng, box khớp vị trí (37×50px, vừa trên ngưỡng H=40). Cả reference lẫn model đều bỏ sót — nhiều khả năng vật quá nhỏ/xa bị bỏ khi làm teaching reference, không phải annotator vẽ thừa. Sửa từ keep_with_reason (bản nháp trước) sang escalate sau khi có ảnh."
r1_craft,B1-edge,adasind_034080.jpg,R9,na,MISSING,E1_annotator_error,P1,annotator,R01,"submission/screenshots/adasind_034080.jpg_R9_occluded_3w.png; local_quality_conflicts.csv (missing_annotation, reference=ThreeWheeler)",rework,v1.0.0,"Đã mở ảnh gốc: xe ba bánh ở giữa đường bị người lái xe máy phía trước che gần hết, chỉ lộ một mảng tối nhỏ (H~42px, vừa qua ngưỡng R01), dễ hiểu vì sao annotator để sót. Vẫn là lỗi thiếu box theo R01, cần A bổ sung box occluded=true khi rework."
r3_diag,B1-edge,adasind_001320.jpg,L3+R3,LR_noM,MISSING,E4_model_domain,P2,ai_team,,,keep_with_reason,v1.0.0,"Nguoi va reference deu thay vat (zone mid); model bo sot. Nhan nguoi giu nguyen, ghi nhan model yeu o dang vat nay."
r3_diag,B1-edge,adasind_001320.jpg,L7+R6,LR_noM,MISSING,E4_model_domain,P2,ai_team,,,keep_with_reason,v1.0.0,Nguoi va reference deu thay vat o zone edge (meo fisheye nhieu); model bo sot - gop phan vao gia thuyet model yeu o ria anh.
r3_diag,B1-edge,adasind_001320.jpg,L4+R5,LR_noM,MISSING,E4_model_domain,P2,ai_team,,,keep_with_reason,v1.0.0,"Nguoi va reference deu thay vat (zone mid); model bo sot, cung mau hinh voi L3+R3."
r3_diag,B1-edge,adasind_001320.jpg,M3,M_only,SPURIOUS,E4_model_domain,P2,ai_team,,,keep_with_reason,v1.0.0,"Model tu phat hien them vat ma ca nguoi lan reference deu khong thay (zone center) - nghi model bao duong gia (hallucination), khong doi nhan nguoi."
r3_diag,B1-edge,adasind_001320.jpg,M5,M_only,SPURIOUS,E4_model_domain,P2,ai_team,,,keep_with_reason,v1.0.0,"Model bao duong gia o zone mid, khong co can cu tu nguoi/reference."
r3_diag,B1-edge,adasind_001320.jpg,M6,M_only,SPURIOUS,E4_model_domain,P2,ai_team,,,keep_with_reason,v1.0.0,Model bao duong gia o zone edge - cung mau hinh loi tang o ria anh.
r3_diag,B1-edge,adasind_014670.jpg,L5+R3,LR_noM,MISSING,E4_model_domain,P2,ai_team,,,keep_with_reason,v1.0.0,Nguoi va reference deu thay vat (zone mid); model bo sot.
r3_diag,B1-edge,adasind_014670.jpg,L1+M3,LM_noR,SPURIOUS,E5_unresolved,P1,qa,R04,submission/screenshots/adasind_014670.jpg_L1_bus_truck_dispute.png; model_compare.html (M3=Bus),escalate,v1.0.0,"Cùng đối tượng với dòng r1_craft L1+R5 ở trên. Model dự đoán Bus (M3) khớp lựa chọn ban đầu của annotator, không khớp class Truck của reference (R5) — vì vậy không ghép được LRM dù cùng vị trí hình học (IoU=0.733). Đây là bất đồng 2-2 giữa 4 nguồn độc lập, không phải model tự phát hiện thêm vật — gộp chung 1 ticket escalation với dòng r1_craft, không tính là ca riêng."
r3_diag,B1-edge,adasind_014670.jpg,L2,L_only,SPURIOUS,E0_reference_defect,P1,guideline,,submission/screenshots/adasind_014670.jpg_L2_threewheeler_missed.png; model_compare.md (L2: L_only),escalate,v1.0.0,"Cùng đối tượng với dòng r1_craft L2 ở trên — xem 30_escalation_ticket.md Ticket 2. Đã xác nhận bằng ảnh là vật thật, cả reference và model đều bỏ sót."
r3_diag,B1-edge,adasind_014670.jpg,R5,R_only,MISSING,E5_unresolved,P1,qa,R04,"submission/screenshots/adasind_014670.jpg_L1_bus_truck_dispute.png; refs/slice-B1-edge.zip (R5 Truck, xtl=0,ytl=845,xbr=70,ybr=1100)",escalate,v1.0.0,"Sửa lại: đây KHÔNG phải vật annotator bỏ sót riêng — R5 (Truck, xtl=0,ytl=845,xbr=70,ybr=1100) chính là CÙNG vật với L1 (Bus, xtl=0.4,ytl=820.8,xbr=83.1,ybr=1087.7), chỉ là không ghép được thành cặp trong ba-chiều do lệch class (xem dòng L1+M3, L1+R5 ở trên). Gộp chung 1 ticket escalate với L1, không tính là ca thiếu box riêng."
r3_diag,B1-edge,adasind_014670.jpg,M6,M_only,SPURIOUS,E4_model_domain,P2,ai_team,,,keep_with_reason,v1.0.0,Model bao duong gia o zone mid.
r3_diag,B1-edge,adasind_014670.jpg,M7,M_only,SPURIOUS,E4_model_domain,P2,ai_team,,,keep_with_reason,v1.0.0,Model bao duong gia o zone center.
r3_diag,B1-edge,adasind_034080.jpg,L1+R5,LR_noM,MISSING,E4_model_domain,P2,ai_team,,,keep_with_reason,v1.0.0,Nguoi va reference deu thay vat (zone mid); model bo sot.
r3_diag,B1-edge,adasind_034080.jpg,L6+R7,LR_noM,MISSING,E4_model_domain,P2,ai_team,,,keep_with_reason,v1.0.0,Nguoi va reference deu thay vat (zone center); model bo sot.
r3_diag,B1-edge,adasind_034080.jpg,L2+R8,LR_noM,MISSING,E4_model_domain,P2,ai_team,,,keep_with_reason,v1.0.0,"Nguoi va reference deu thay vat (zone mid); model bo sot - day la cap Bike L1/L2 nghi ngo chong lan ma QA da neu, can A xac nhan rieng theo R03 truoc khi coi la da on."
r3_diag,B1-edge,adasind_034080.jpg,R9,R_only,MISSING,E1_annotator_error,P1,annotator,R01,,rework,v1.0.0,"Cung ca xe ba banh bi bo sot da ghi o dong r1_craft R9 - model cung khong phat hien, nhung reference co va QA xac nhan vat that tren anh; annotator can bo sung box khi rework."
r3_diag,B1-edge,adasind_034080.jpg,M7,M_only,SPURIOUS,E4_model_domain,P2,ai_team,,,keep_with_reason,v1.0.0,Model bao duong gia o zone mid.
r3_diag,B1-edge,adasind_034080.jpg,M8,M_only,SPURIOUS,E4_model_domain,P2,ai_team,,,keep_with_reason,v1.0.0,Model bao duong gia o zone mid.
r3_diag,B1-edge,adasind_034080.jpg,M9,M_only,SPURIOUS,E4_model_domain,P2,ai_team,,,keep_with_reason,v1.0.0,Model bao duong gia o zone mid.
r3_diag,B1-edge,adasind_034080.jpg,M10,M_only,SPURIOUS,E4_model_domain,P2,ai_team,,,keep_with_reason,v1.0.0,Model bao duong gia o zone center.
r3_diag,B1-edge,adasind_034080.jpg,M11,M_only,SPURIOUS,E4_model_domain,P2,ai_team,,,keep_with_reason,v1.0.0,Model bao duong gia o zone center.
r3_diag,B1-edge,adasind_034080.jpg,M12,M_only,SPURIOUS,E4_model_domain,P2,ai_team,,,keep_with_reason,v1.0.0,Model bao duong gia o zone mid.
